{"iter": 0, "train/loss": 10.973710060119629, "val/loss": 10.974103927612305, "lr": 0.0, "mfu": -100.0, "_timestamp": 1713270501.5761058, "_runtime": 49.40784192085266, "_step": 0, "_wandb": {"runtime": 421}}