{"iter": 0, "train/loss": 10.973711967468262, "val/loss": 10.974103927612305, "lr": 0.0, "mfu": -100.0, "_timestamp": 1713271025.08939, "_runtime": 66.4815890789032, "_step": 0}