{"iter": 0, "train/loss": 13.321723937988281, "val/loss": 13.295380592346191, "lr": 0.0, "mfu": -100.0, "_timestamp": 1713822457.1816752, "_runtime": 137.40851831436157, "_step": 0}