{"iter": 0, "train/loss": 13.321723937988281, "val/loss": 13.295380592346191, "lr": 0.0, "mfu": -100.0, "_timestamp": 1713822696.6798017, "_runtime": 67.69438767433167, "_step": 0}