{"iter": 0, "train/loss": 10.91160774230957, "val/loss": 10.907888412475586, "lr": 0.0, "mfu": -100.0, "_timestamp": 1713645554.2247875, "_runtime": 40.76520752906799, "_step": 0}