{"iter": 0, "train/loss": 10.91160774230957, "val/loss": 10.907883644104004, "lr": 0.0, "mfu": -100.0, "_timestamp": 1713644727.1308458, "_runtime": 36.46963977813721, "_step": 0}