{"iter": 0, "train/loss": 10.974455833435059, "val/loss": 10.973359107971191, "lr": 0.0, "mfu": -100.0, "_timestamp": 1713269310.409206, "_runtime": 68.997722864151, "_step": 0}