{"iter": 0, "train/loss": 10.973711967468262, "val/loss": 10.974103927612305, "lr": 0.0, "mfu": -100.0, "_timestamp": 1713271374.8587646, "_runtime": 66.36591958999634, "_step": 0}