{"iter": 0, "train/loss": 10.91160774230957, "val/loss": 10.907883644104004, "lr": 0.0, "mfu": -100.0, "_timestamp": 1713645728.120455, "_runtime": 34.03812313079834, "_step": 0}