{"iter": 0, "train/loss": 10.973711967468262, "val/loss": 10.974103927612305, "lr": 0.0, "mfu": -100.0, "_timestamp": 1713271666.4228525, "_runtime": 66.73763155937195, "_step": 0}