{"iter": 0, "train/loss": 13.321723937988281, "val/loss": 13.295380592346191, "lr": 0.0, "mfu": -100.0, "_timestamp": 1713823786.4843278, "_runtime": 63.40242290496826, "_step": 0}