{"iter": 0, "train/loss": 10.973711967468262, "val/loss": 10.974103927612305, "lr": 0.0, "mfu": -100.0, "_timestamp": 1713271473.5938754, "_runtime": 65.96658945083618, "_step": 0}