{"iter": 0, "train/loss": 10.974455833435059, "val/loss": 10.973357200622559, "lr": 0.0, "mfu": -100.0, "_timestamp": 1713268168.5349033, "_runtime": 52.91953635215759, "_step": 0, "_wandb": {"runtime": 93}}