{"iter": 0, "train/loss": 10.973711967468262, "val/loss": 10.974103927612305, "lr": 0.0, "mfu": -100.0, "_timestamp": 1713641530.288711, "_runtime": 61.61358308792114, "_step": 0}