{"iter": 0, "train/loss": 10.974455833435059, "val/loss": 10.973359107971191, "lr": 0.0, "mfu": -100.0, "_timestamp": 1713270021.775309, "_runtime": 68.75895619392395, "_step": 0}