{"iter": 145000, "train/loss": 5.287210464477539, "val/loss": 5.277874946594238, "lr": 0.0005273257103550935, "mfu": 16.91452107618393, "_timestamp": 1713738212.9011333, "_runtime": 92373.24724626541, "_step": 145}