{"iter": 0, "train/loss": 10.974455833435059, "val/loss": 10.973359107971191, "lr": 0.0, "mfu": -100.0, "_timestamp": 1713269560.398949, "_runtime": 67.64017391204834, "_step": 0}