{"iter": 0, "train/loss": 13.321723937988281, "val/loss": 13.295380592346191, "lr": 0.0, "mfu": -100.0, "_timestamp": 1713822950.3193202, "_runtime": 60.31490612030029, "_step": 0, "_wandb": {"runtime": 489}}